PM Vidyalaxmi Institutes (All);Unnamed: 1;Unnamed: 2;Unnamed: 3;Unnamed: 4
(As on Date:  14-6-2025  14:42:52);;;;
S. No.;AISHE Code;Institute Name;State Name;Management Type
1;U-0004;Acharya N G Ranga Agricultural University;Andhra Pradesh;State Government
2;U-0003;Acharya Nagarjuna University;Andhra Pradesh;State Government
3;C-32766;Acharya Nagarjuna University College of Pharmaceutical Sciences;Andhra Pradesh;State Government
4;U-0961;ALL INDIA INSTITUTE OF MEDICAL SCIENCES, MANGALAGIRI;Andhra Pradesh;Central Government
5;U-0006;Andhra University;Andhra Pradesh;State Government
6;C-24004;AU College of Engineering (A);Andhra Pradesh;State Government
7;C-24055;AU College of Pharmaceutical Sciences, Andhra University;Andhra Pradesh;Private
8;S-19106;CENTRAL INSTITUTE OF PLASTICS ENGINEERING AND TECHNOLOGY VIJAYAWADA;Andhra Pradesh;Central Government
9;U-1226;CENTRAL TRIBAL UNIVERSITY;Andhra Pradesh;Central Government
10;U-0976;CENTRAL UNIVERSITY OF ANDHRA PRADESH;Andhra Pradesh;Central Government
11;U-0002;Damodaram Sanjivayya National Law University;Andhra Pradesh;State Government
12;C-23907;Dr. B. R. Ambedkar College of Law;Andhra Pradesh;State Government
13;U-0863;Indian Institute of Information Technology Design And Manufacturing, Kurnool;Andhra Pradesh;Central Government
14;U-0760;INDIAN INSTITUTE OF INFORMATION TECHNOLOGY, CHITTOOR;Andhra Pradesh;Central Government
15;U-1007;Indian Institute of Management Visakhapatnam;Andhra Pradesh;Central Government
16;U-0944;INDIAN INSTITUTE OF PETROLEUM & ENERGY;Andhra Pradesh;Central Government
17;U-0827;Indian Institute of Science Education & Research (IISER), Tirupati;Andhra Pradesh;Central Government
18;U-0844;Indian Institute of Technology, Tirupati;Andhra Pradesh;Central Government
19;S-574;INDIAN INSTITUTE OF TOURISM AND TRAVEL MANAGEMENT;Andhra Pradesh;Central Government
20;C-61032;INDIAN MARITIME UNIVERSITY, VISAKHAPATNAM;Andhra Pradesh;Central Government
21;U-0016;Jawaharlal Nehru Technological University;Andhra Pradesh;State Government
22;U-0020;Koneru Lakshmaiah Education Foundation University (K L College of Engineering);Andhra Pradesh;Private
23;U-1111;Krea University;Andhra Pradesh;Private
24;S-19404;MSME TECHNOLOGY CENTRE;Andhra Pradesh;Central Government
25;U-1192;NATIONAL INSTITUTE OF DESIGN ANDHRA PRADESH;Andhra Pradesh;Central Government
26;U-0855;NATIONAL INSTITUTE OF TECHNOLOGY, ANDHRA PRADESH;Andhra Pradesh;Central Government
27;U-0030;National Sanskrit University , Tirupati;Andhra Pradesh;Central Government
28;U-0627;School of Planning and Architecture Vijayawada;Andhra Pradesh;Central Government
29;C-24007;Shri Vishnu College of Pharmacy;Andhra Pradesh;Private
30;U-0034;Sri Padmavathi Mahila Visvavidyalayam;Andhra Pradesh;State Government
31;C-26904;Sri Venkateswara College of Pharmacy;Andhra Pradesh;Private
32;U-0037;Sri Venkateswara University;Andhra Pradesh;State Government
33;U-0039;Sri Venkateswara Veterinary University;Andhra Pradesh;State Government
34;U-0045;Yogi Vemana University;Andhra Pradesh;State Government
35;U-0615;National Institute of Technology Arunachal Pradesh;Arunachal Pradesh;Central Government
36;U-0046;North Eastern Regional Institute of Science & Technology, Papum Pare, Itanagar;Arunachal Pradesh;Central Government
37;U-0047;Rajiv Gandhi University, Itanagar;Arunachal Pradesh;Central Government
38;U-1107;ALL INDIA INSTITUTE OF MEDICAL SCIENCES, GUWAHATI;Assam;Central Government
39;U-0048;Assam Agricultural University;Assam;State Government
40;U-0050;Assam University, Silchar;Assam;Central Government
41;S-681;CENTRAL INSTITUTE OF PETROCHEMICALS ENGINEERING & TECHNOLOGY:CENTRE FOR SKILLING AND TECHNICAL SUPPORT-GUWAHATI;Assam;Central Government
42;U-1067;CENTRAL INSTITUTE OF TECHNOLOGY;Assam;Central Government
43;U-0051;Dibrugarh University;Assam;State Government
44;C-17139;F.A. Ahmed College;Assam;Central Government
45;U-0052;Gauhati University;Assam;State Government
46;S-19477;INDIAN INSTITUTE OF HANDLOOM TECHNOLOGY GUWAHATI;Assam;Central Government
47;U-0795;INDIAN INSTITUTE OF INFORMATION TECHNOLOGY, GUWAHATI;Assam;Central Government
48;U-0053;Indian Institute of Technology Guwahati;Assam;Central Government
49;U-1045;NATIONAL INSTITUTE OF DESIGN, ASSAM;Assam;Central Government
50;C-66301;NATIONAL INSTITUTE OF ELECTRONICS AND INFORMATION TECHNOLOGY GUWAHATI;Assam;Central Government
51;U-1316;National Institute of Pharmaceutical Education and Research Guwahati;Assam;Central Government
52;U-0055;National Institute of Technology Silchar;Assam;Central Government
53;U-0677;National Law University and Judicial Academy;Assam;State Government
54;C-64696;NORTH EASTERN REGIONAL INSTITUTE OF WATER AND LAND MANAGEMENT;Assam;Central Government
55;U-0056;Tezpur University, Tezpur;Assam;Central Government
56;U-0686;All India Institute of Medical Sciences Patna;Bihar;Central Government
57;U-0060;Bihar Agriculture University;Bihar;State Government
58;U-0062;Central University of South Bihar;Bihar;Central Government
59;U-0063;Chanakya National Law University;Bihar;State Government
60;S-40;Chandragupt Institute of Management Patna;Bihar;State Government
61;C-10243;College of Agricultural Engineering,Pusa;Bihar;Central Government
62;U-0075;Dr Rajendra Prasad Central Agricultural University;Bihar;Central Government
63;C-69114;EMPLOYEES STATE INSURANCE MEDICAL COLLEGE;Bihar;Central Government
64;U-0953;INDIAN INSTITUTE OF INFORMATION TECHNOLOGY BHAGALPUR;Bihar;Central Government
65;U-1006;Indian Institute of Management Bodh Gaya;Bihar;Central Government
66;U-0064;Indian Institute of Technology Patna;Bihar;Central Government
67;U-0835;Mahatma Gandhi Central University, Motihari;Bihar;Central Government
68;U-0710;NALANDA UNIVERSITY;Bihar;Central Government
69;C-47479;NATIONAL INSTITUTE OF FASHION TECHNOLOGY, PATNA;Bihar;Central Government
70;U-1116;National Institute Of Pharmaceutical Education And Research Hajipur;Bihar;Central Government
71;U-0072;National Institute of Technology, Patna;Bihar;Central Government
72;U-0073;Nava Nalanda Mahavihara, Nalanda;Bihar;Central Government
73;U-0074;Patna University;Bihar;State Government
74;C-29341;Chandigarh College of Architecture, Sector-12;Chandigarh;State Government
75;C-29440;Goswami Ganesh Dutta S.D. College;Chandigarh;Private
76;C-29284;Govt Home Science College;Chandigarh;State Government
77;C-29442;Govt. Medical College & Hospital;Chandigarh;State Government
78;S-18386;INDO SWISS TRAINING CENTRE;Chandigarh;Central Government
79;U-1332;National Institute of Technical Teacher Training & Research Chandigarh;Chandigarh;Central Government
80;U-0078;Panjab University;Chandigarh;State Government
81;U-0079;Post Graduate Institute of Medical Education and Research;Chandigarh;Central Government
82;U-0080;Punjab Engineering College (Deemed to be University), Chandigarh;Chandigarh;State Government
83;U-0690;All India Institute of Medical Sciences Raipur;Chhattisgarh;Central Government
84;C-59735;CENTRAL INSTITUTE OF PETROCHEMICALS ENGINEERING & TECHNOLOGY (CIPET) - RAIPUR;Chhattisgarh;Central Government
85;S-18127;CENTRAL INSTITUTE OF PETROCHEMICALS ENGINEERING AND TECHNOLOGY KORBA;Chhattisgarh;Central Government
86;U-0085;Guru Ghasidas Vishwavidyalaya;Chhattisgarh;Central Government
87;U-1017;Indian Institute of Management Raipur;Chhattisgarh;Central Government
88;U-0946;Indian Institute of Technology Bhilai;Chhattisgarh;Central Government
89;U-0087;Indira Gandhi Krishi Vishwavidyalaya;Chhattisgarh;State Government
90;U-0092;National Institute of Technology, Raipur;Chhattisgarh;Central Government
91;U-0093;Pt. Ravishankar Shukla University;Chhattisgarh;State Government
92;C-6380;Acharya Narendra Dev College;Delhi;State Government
93;C-60556;All India Institute of Ayurveda;Delhi;Central Government
94;U-0096;All India Institute of Medical Sciences Delhi;Delhi;Central Government
95;C-6396;Aryabhatta College;Delhi;State Government
96;C-22462;Atma Ram Sanatan Dharm College;Delhi;Central Government
97;C-6387;Bhaskaracharya College of Applied Sciences;Delhi;State Government
98;U-0115;Central Sanskrit University;Delhi;Central Government
99;C-60280;College of Nursing,  Army Hospital (RR);Delhi;Central Government
100;C-32834;College of Nursing,Dr. Ram Manohar Lohia Hospital;Delhi;Central Government
101;C-32925;College of Nursing,Safdarjang Hospital;Delhi;Central Government
102;C-6367;Daulat Ram College;Delhi;State Government
103;C-6361;Deen Dayal Upadhyaya College;Delhi;State Government
104;C-6376;Delhi College of Arts and Commerce;Delhi;State Government
105;U-0853;Delhi Pharmaceutical Sciences and Research University;Delhi;State Government
106;U-0098;Delhi Technological University;Delhi;State Government
107;C-6409;Deshbandhu College;Delhi;Central Government
108;C-6432;Dyal Singh College;Delhi;State Government
109;C-27613;Dyal Singh College (Evening);Delhi;Central Government
110;C-32907;ESIC Dental College;Delhi;Central Government
111;S-62;Fore School of Management;Delhi;Private
112;C-6429;Gargi College;Delhi;Central Government
113;U-0099;Guru Gobind Singh Indraprastha University;Delhi;State Government
114;C-6425;Hans Raj College;Delhi;Central Government
115;C-6377;Hindu College;Delhi;State Government
116;U-0101;Indian Agricultural Research Institute;Delhi;Central Government
117;U-0102;Indian Institute of Foreign Trade;Delhi;Central Government
118;U-1340;INDIAN INSTITUTE OF MASS COMMUNICATION, NEW DELHI;Delhi;Central Government
119;U-0100;Indian Institute of Technology Delhi;Delhi;Central Government
120;U-0103;Indian Law Institute;Delhi;Central Government
121;S-21107;INDIAN SIGN LANGUAGE RESEARCH AND TRAINING CENTRE;Delhi;Central Government
122;U-0685;Indira Gandhi Delhi Technical University for Women;Delhi;State Government
123;U-0104;Indira Gandhi National Open University (IGNOU);Delhi;Central Government
124;C-6365;Indraprastha College for Women;Delhi;State Government
125;U-0105;Indraprastha Institute of Information Technology;Delhi;State Government
126;U-0106;Institute of Liver and Biliary Sciences;Delhi;State Government
127;S-17631;International Management Institute;Delhi;Private
128;S-782;Jagan Institute of Management Studies Technical Campus;Delhi;Private
129;U-0107;Jamia Hamdard;Delhi;Private
130;U-0108;Jamia Millia Islamia;Delhi;Central Government
131;U-0109;Jawaharlal Nehru University;Delhi;Central Government
132;C-6420;Jesus & Mary College;Delhi;Private
133;C-6402;Kalindi College;Delhi;Central Government
134;C-6417;Kamala Nehru College;Delhi;State Government
135;C-6381;Keshav Mahavidyalya;Delhi;Central Government
136;C-6385;Kirori Mal College;Delhi;Central Government
137;C-22461;Lady Hardinge Medical College;Delhi;Central Government
138;C-27608;Lady Irwin College;Delhi;State Government
139;C-6415;Lady Shri Ram College for Women;Delhi;Private
140;C-6412;Maharaja Agrasen College;Delhi;State Government
141;C-6391;Maitreyi College;Delhi;State Government
142;C-6424;Mata Sundri College for Women;Delhi;State Government
143;C-28507;Maulana Azad Institute of Dental Sciences;Delhi;State Government
144;C-6414;Maulana Azad Medical College;Delhi;State Government
145;C-6355;Miranda House;Delhi;Central Government
146;U-1187;National Forensic Sciences University;Delhi;Central Government
147;U-0114;National Institute of Educational Planning & Administration;Delhi;Central Government
148;U-0110;National Institute of Fashion Technology, Hauz Khas;Delhi;Central Government
149;U-0622;National Institute of Technology Delhi;Delhi;Central Government
150;U-0111;National Law University;Delhi;State Government
151;U-0112;National Museum Institute of History of Art Conservation and Museology;Delhi;Central Government
152;U-1056;Netaji Subhas University of Technology (NSUT);Delhi;State Government
153;C-32887;New Delhi Institute of Management;Delhi;Private
154;C-6405;Rajdhani College;Delhi;State Government
155;C-6431;Ramanujan College;Delhi;Central Government
156;C-6416;Satyawati College;Delhi;State Government
157;U-0116;School of Planning and Architecture New Delhi;Delhi;Central Government
158;C-6421;Shaheed Bhagat Singh College;Delhi;State Government
159;C-6401;Shaheed Bhagat Singh College (Evening);Delhi;State Government
160;C-6426;Shaheed Rajguru College of Applied Sciences for Women;Delhi;State Government
161;C-6411;Shaheed Sukhdev College of Business Studies;Delhi;State Government
162;C-6366;Shivaji College;Delhi;Central Government
163;U-0117;Shri Lal Bahadur Shastri National Sanskrit University;Delhi;Central Government
164;C-6419;Shri Ram College of Commerce;Delhi;Central Government
165;C-6372;Shyama Prasad Mukherji College for Women;Delhi;Central Government
166;U-0118;South Asian University, New Delhi;Delhi;Central Government
167;C-6362;Sri Aurobindo College;Delhi;Central Government
168;C-22465;Sri Aurobindo College (Eve.);Delhi;Central Government
169;C-6413;Sri Guru Gobind Singh College of Commerce;Delhi;State Government
170;C-6353;Sri Guru Tegh Bahadur Khalsa College;Delhi;State Government
171;C-6369;Sri Venkateswara College;Delhi;Central Government
172;C-22470;St. Stephens s College;Delhi;Private
173;C-6404;Swami Shraddhanand College;Delhi;Central Government
174;C-6430;University College of Medical Science & Guru Teg Bahadur Hospital;Delhi;State Government
175;C-6430;University College of Medical Sciences (NIRF Code (I-1409));Delhi;Central Government
176;U-0120;University of Delhi;Delhi;Central Government
177;C-32922;Vardhman Mahavir Medical College & Safdarjung Hospital;Delhi;Central Government
178;C-6383;Zakir Husain Delhi College;Delhi;Central Government
179;C-68553;ALL INDIA INSTITUTE OF AYURVEDA;Goa;Central Government
180;C-30842;Dempo Charities Trust Dhempe College of Arts & Science;Goa;State Government
181;C-30858;Goa College of Pharmacy;Goa;State Government
182;S-87;Goa Institute of Management;Goa;Private
183;U-0121;Goa University;Goa;State Government
184;U-0907;Indian Institute of Technology, Goa;Goa;Central Government
185;C-70730;NATIONAL FORENSIC SCIENCES UNIVERSITY GOA CAMPUS;Goa;Central Government
186;C-30849;National Institute of Hydrography;Goa;Central Government
187;U-0620;National Institute of Technology Goa;Goa;Central Government
188;U-1191;ALL INDIA INSTITUTE OF MEDICAL SCIENCES;Gujarat;Central Government
189;U-0123;Anand Agricultural University;Gujarat;State Government
190;U-0830;Anant National University;Gujarat;Private
191;C-323;CENTRAL INSTITUE OF PLASTICS ENGG. & TECH., VATVA, AHMEDABAD 052 ;Gujarat;Central Government
192;C-50548;CENTRAL INSTITUTE OF PETROCHEMICALS ENGINEERING AND TECHNOLOGY;Gujarat;Central Government
193;U-0126;Central Univeristy of Gujarat, Gandhinagar;Gujarat;Central Government
194;U-0127;Centre for Environmental Planning and Technology University;Gujarat;Private
195;U-0131;Dr. Babasaheb Ambedkar Open University;Gujarat;State Government
196;C-58647;Footwear Design and Development Institute - Bharuch;Gujarat;Central Government
197;U-0968;Gati Shakti Vishwavidyalaya;Gujarat;Central Government
198;C-936;Government Dental College;Gujarat;State Government
199;C-5838;Gujarat Cancer and Research Institute;Gujarat;Private
200;U-0134;Gujarat National Law University;Gujarat;State Government
201;U-0135;Gujarat Technological University;Gujarat;State Government
202;U-0136;Gujarat University;Gujarat;State Government
203;U-0954;INDIAN INSTITUTE OF INFORMATION TECHNOLOGY SURAT;Gujarat;Central Government
204;U-0798;INDIAN INSTITUTE OF INFORMATION TECHNOLOGY, VADODARA;Gujarat;Central Government
205;U-1016;Indian Institute of Management Ahmedabad;Gujarat;Central Government
206;U-0139;Indian Institute of Technology Gandhinagar;Gujarat;Central Government
207;C-39259;Institute for Plasma Research (IPR),Gandhinagar;Gujarat;Central Government
208;S-18192;INSTITUTE OF HOTEL MANAGEMENT CATERING AND NUTRITION AHMEDABAD;Gujarat;Central Government
209;S-92;Institute of Rural Management Anand (IRMA);Gujarat;Private
210;U-1274;INSTITUTE OF TEACHING AND RESEARCH IN AYURVEDA;Gujarat;Central Government
211;C-409;L. M. College of Pharmacy;Gujarat;Private
212;U-0143;Maharaja Sayajirao University of Baroda;Gujarat;State Government
213;S-14875;MICA;Gujarat;Private
214;U-0593;NATIONAL FORENSIC SCIENCES UNIVERSITY;Gujarat;Central Government
215;U-1028;NATIONAL INSTITUTE OF DESIGN;Gujarat;Central Government
216;C-47471;NATIONAL INSTITUTE OF FASHION TECHNOLOGY, GANDHINAGAR;Gujarat;Central Government
217;S-15086;National Institute of Occupational Health;Gujarat;Central Government
218;S-17498;National Institute of Pharmaceutical Education and Research Ahmedabad;Gujarat;Central Government
219;U-0145;Navsari Agricultural University;Gujarat;State Government
220;C-16179;Ramanbhai Patel College of Pharmacy;Gujarat;Private
221;U-0595;Rashtriya Raksha University, Gujarat;Gujarat;Central Government
222;U-0149;Sardar Vallabhbhai National Institute of Technology;Gujarat;Central Government
223;S-104;UDAYBHANSINHJI REGIONAL INSTITUTE OF CO-OPERATIVE MANAGEMENT;Gujarat;Central Government
224;U-0668;Uka Tarsadia University, Bardoli;Gujarat;Private
225;U-0735;BML Munjal University;Haryana;Private
226;S-932;CENTRAL INSTITUTE OF PETROCHEMICALS ENGINEERING &  TECHNOLOGY;Haryana;Central Government
227;U-0158;Central University of Haryana, Mahendergarh;Haryana;Central Government
228;U-0159;Chaudhary Charan Singh Haryana Agricultural University;Haryana;State Government
229;C-30768;College of Pharmacy, Pandit Bhagwat Dayal Sharma University of Health Sciences;Haryana;State Government
230;C-10775;Desh Bandhu Gupta Govt. College, Panipat;Haryana;Central Government
231;C-56398;ESIC MEDICAL COLLEGE AND HOSPITAL;Haryana;Central Government
232;C-58648;Footwear Design and Development Institute - Rohtak;Haryana;Central Government
233;S-17295;Great Lakes Institute of Management;Haryana;Private
234;U-0162;Guru Jambheshwar University of Science and Technology;Haryana;State Government
235;C-29454;I.C. College of Community Science;Haryana;State Government
236;U-0171;ICAR - National Dairy Research Institute;Haryana;Central Government
237;U-0800;INDIAN INSTITUTE OF INFORMATION TECHNOLOGY, SONIPAT;Haryana;Central Government
238;U-1015;Indian Institute of Management Rohtak;Haryana;Central Government
239;U-0175;J. C. Bose University of Science and Technology, YMCA;Haryana;State Government
240;U-0164;Kurukshetra University;Haryana;State Government
241;U-0165;Lala lajpat Rai University of Veterinary and Animal Sciences;Haryana;State Government
242;U-0167;Maharshi Dayanand University;Haryana;State Government
243;S-113;Management Development Institute;Haryana;Private
244;U-0170;National Brain Research Centre, Gurgaon;Haryana;Central Government
245;S-117;NATIONAL COUNCIL FOR CEMENT AND BUILDING MATERIALS;Haryana;Central Government
246;U-1073;National Institute of Design Haryana;Haryana;Central Government
247;C-65740;NATIONAL INSTITUTE OF FASHION TECHNOLOGY PANCHKULA;Haryana;Central Government
248;U-0989;National Institute of Food Technology, Enterprenurship and Management;Haryana;Central Government
249;U-0172;National Institute of Technology, Kurukshetra;Haryana;Central Government
250;C-28262;National Power Training Institute ,  Faridabad.;Haryana;Central Government
251;C-30767;Pandit Bhagwat Dayal Sharma University of Health Sciences;Haryana;State Government
252;C-30756;Postgraduate Institute of Dental Sciences;Haryana;Private
253;U-1055;REGIONAL CENTRE FOR BIOTECHNOLOGY;Haryana;Central Government
254;U-1048;Shri Vishwakarma Skill University;Haryana;State Government
255;U-1218;ALL INDIA INSTITUTE OF MEDICAL SCIENCE;Himachal Pradesh;Central Government
256;C-11398;Central Research Institute. Kasauli, Distt Solan;Himachal Pradesh;Central Government
257;U-0178;Central University of Himachal Pradesh, Dharmshala, Kangra;Himachal Pradesh;Central Government
258;U-0179;Chaudhary Sarwan Kumar Himachal Pardesh Krishi Vishvavidyalaya;Himachal Pradesh;State Government
259;S-18693;CIPET  CSTS  BADDI;Himachal Pradesh;Central Government
260;U-0181;Dr. Y.S. Parmar University of Horticulture and Forestry;Himachal Pradesh;State Government
261;U-0183;Himachal Pradesh University;Himachal Pradesh;State Government
262;U-0797;INDIAN INSTITUTE OF INFORMATION TECHNOLOGY, UNA;Himachal Pradesh;Central Government
263;U-1005;Indian Institute of Management Sirmaur;Himachal Pradesh;Central Government
264;U-0184;Indian Institute of Technology Mandi;Himachal Pradesh;Central Government
265;U-0189;National Institute of Technology, Hamirpur;Himachal Pradesh;Central Government
266;U-0190;Shoolini University of Biotechnology and Management Sciences;Himachal Pradesh;Private
267;U-1152;ALL INDIA INSTITUTE OF MEDICAL SCIENCE;Jammu and Kashmir;Central Government
268;U-0631;CENTRAL UNIVERSITY OF JAMMU;Jammu and Kashmir;Central Government
269;U-0193;Central University of Kashmir, Srinagar;Jammu and Kashmir;Central Government
270;C-47452;COMPOSITE REGIONAL CENTRE, MINISTRY OF SOCIAL JUSTICE EMPOWERMENT, BEMINA;Jammu and Kashmir;Central Government
271;C-22872;Government College for Women, Parade Ground , Jammu;Jammu and Kashmir;State Government
272;U-1004;Indian Institute of Management Jammu (IIMJ);Jammu and Kashmir;Central Government
273;U-0906;Indian Institute of Technology Jammu;Jammu and Kashmir;Central Government
274;U-0194;Islamic University of Science & Technology, Pulwama;Jammu and Kashmir;State Government
275;S-20120;NATIONAL INSTITUTE OF FASHION TECHNOLOGY;Jammu and Kashmir;Central Government
276;U-0197;National Institute of Technology, Srinagar;Jammu and Kashmir;Central Government
277;U-0199;Sher-e-Kashmir University of Agricultural Science and Technology of Jammu;Jammu and Kashmir;State Government
278;U-0200;Sher-e-Kashmir University of Agricultural Science and Technology of Kashmir;Jammu and Kashmir;State Government
279;U-0201;Shri Mata Vaishno Devi University;Jammu and Kashmir;State Government
280;U-0195;University of Jammu;Jammu and Kashmir;State Government
281;U-0196;University of Kashmir;Jammu and Kashmir;State Government
282;U-1057;ALL INDIA INSTITUTE OF MEDICAL SCIENCE DEOGHAR;Jharkhand;Central Government
283;C-45399;B S K COLLEGE, SAHIBGANJ;Jharkhand;Central Government
284;C-43263;Central Institute of Psychiatry;Jharkhand;Central Government
285;U-0204;Central University of Jharkhand, Ranchi;Jharkhand;Central Government
286;U-0840;INDIAN INSTITUTE OF INFORMATION TECHNOLOGY, RANCHI;Jharkhand;Central Government
287;U-1003;Indian Institute of Management Ranchi;Jharkhand;Central Government
288;U-0205;Indian Institute of Technology (Indian School of Mines) Dhanbad;Jharkhand;Central Government
289;S-19407;INDO DANISH TOOL ROOM JAMSHEDPUR;Jharkhand;Central Government
290;U-1339;National Institute of Advanced Manufacturing Technology;Jharkhand;Central Government
291;U-0207;National Institute of Technology, Jamshedpur;Jharkhand;Central Government
292;U-0600;National University of Study and Research in Law;Jharkhand;State Government
293;S-132;XLRI – Xavier School of Management;Jharkhand;Private
294;C-19320;A.B.Shetty Memorial Institute of Dental Sciences;Karnataka;Private
295;C-40354;Acharya & B M Reddy College of Pharmacy;Karnataka;Private
296;C-17415;All India Institute of Speech and Hearing, Manasagangothri,Mysore;Karnataka;Central Government
297;U-0213;Alliance University;Karnataka;Private
298;U-0215;Bangalore University;Karnataka;State Government
299;C-40193;Bapuji Dental College & Hospital;Karnataka;Private
300;C-57952;BMS College of Architecture;Karnataka;Private
301;C-47256;BMS School of Architecture, Yelahanka;Karnataka;Private
302;U-0216;Central University of Karnataka, Gulbarga;Karnataka;Central Government
303;U-0217;Christ University;Karnataka;Private
304;U-0218;Davangere University;Karnataka;State Government
305;C-56942;EMPLOYEES STATE INSURANCE CORPORATION COLLEGE OF NURSING  GULBARGA;Karnataka;Central Government
306;C-53596;ESIC College of Nursing, Bangalore;Karnataka;Central Government
307;C-59392;ESIC DENTAL COLLEGE, GULBARGA;Karnataka;Central Government
308;C-47410;ESIC MEDICAL COLLEGE ├é┬áAND POST GRADUATE INSTITUTE OF MEDICAL SCINECES AND RESEARCH, Bangalore;Karnataka;Central Government
309;C-40178;Government Dental College, Bangalore;Karnataka;State Government
310;U-1089;INDIAN INSTITUTE OF INFORMATION TECHNOLOGY RAICHUR;Karnataka;Central Government
311;U-0803;INDIAN INSTITUTE OF INFORMATION TECHNOLOGY, DHARWAD;Karnataka;Central Government
312;U-1014;Indian Institute of Management Bangalore;Karnataka;Central Government
313;U-0220;Indian Institute of Science, Bengaluru;Karnataka;Central Government
314;U-0899;Indian Institute of Technology, Dharwad;Karnataka;Central Government
315;C-47329;INSTITUTE OF AEROSPACE MEDICINE, BANGALORE;Karnataka;Central Government
316;U-0221;International Institute of Information Technology Bangalore;Karnataka;Private
317;U-0224;Jawaharlal Nehru Centre for Advanced Scientific Research;Karnataka;Central Government
318;U-0222;JSS Academy of Higher Education and Research;Karnataka;Private
319;C-35007;JSS College of Pharmacy;Karnataka;Private
320;C-35008;JSS Dental College and Hospital;Karnataka;Private
321;C-35009;JSS Medical College, Mysore;Karnataka;Private
322;U-0230;Karnataka University;Karnataka;State Government
323;C-7251;Kasturba Medical College, Mangalore;Karnataka;Private
324;C-7242;Kasturba Medical College, Manipal;Karnataka;Private
325;C-24505;KLE College of Pharmacy, Belgaum;Karnataka;Private
326;C-24504;KLE Vishwanath Katti Institute of Dental Sciences;Karnataka;Private
327;C-20653;Kristu Jayanti College;Karnataka;Private
328;C-40235;Krupanidhi College of Pharmacy;Karnataka;Private
329;U-0232;Kuvempu University;Karnataka;State Government
330;C-20729;M S Ramaiah College of Arts, Science, and Commerce;Karnataka;Private
331;C-40345;M. S. Ramaiah Medical College;Karnataka;Private
332;U-0233;Mangalore University;Karnataka;State Government
333;U-0234;Manipal Academy of Higher Education, Manipal;Karnataka;Private
334;C-7240;Manipal College of Dental Sciences, Mangalore;Karnataka;Private
335;C-7254;Manipal College of Dental Sciences, Manipal;Karnataka;Private
336;C-7249;Manipal College of Pharmaceutical Sciences, Manipal;Karnataka;Private
337;C-7252;Manipal Institute of Technology;Karnataka;Private
338;C-46330;Manipal School of Architecture and Planning, MAHE;Karnataka;Private
339;U-0235;Mysore University;Karnataka;State Government
340;C-19322;N.G.S.M. Institute of Pharmaceutical Sciences;Karnataka;Private
341;U-0236;National Institute of Mental Health and Neuro Sciences, Bangalore;Karnataka;Central Government
342;U-0237;National Institute of Technology Karnataka, Surathkal;Karnataka;Central Government
343;U-0238;National Law School of India University;Karnataka;State Government
344;C-1269;R.V. College of Engineering;Karnataka;Private
345;C-63267;SDM College of Dental Sciences & Hospital;Karnataka;Private
346;C-1297;Siddaganga Institute of Technology;Karnataka;Private
347;C-40080;Sri Adichunchanagiri College of Pharmacy;Karnataka;Private
348;C-16897;St. Aloysius College;Karnataka;Private
349;C-40453;St. John's Medical College;Karnataka;Private
350;C-21115;St. Joseph`s College of Commerce;Karnataka;Private
351;S-156;T. A. Pai Management Institute, Manipal;Karnataka;Private
352;U-0244;Tumkur University, Tumkur;Karnataka;State Government
353;U-0246;University of Agricultural Sciences;Karnataka;State Government
354;U-0248;University of Agricultural Sciences;Karnataka;State Government
355;U-0249;Visvesvaraya Technological University;Karnataka;State Government
356;C-8528;Yenepoya Dental College;Karnataka;Private
357;C-22861;Aligarh Muslim University, Malappuram Centre.;Kerala;Central Government
358;C-43711;Bishop Moore College;Kerala;Private
359;U-0251;Calicut University;Kerala;State Government
360;C-9479;Central Institute of Fisheries, Nautical & Engineering Training (CIFNET);Kerala;Central Government
361;C-52030;Central Institute of Petrochemicals Engineering & Technology, Kochi (CIPET);Kerala;Central Government
362;U-0252;Central Univeristy of Kerala, Kasaragod;Kerala;Central Government
363;C-11771;CMS College Kottayam;Kerala;Private
364;U-0253;Cochin University of Science and Technology;Kerala;State Government
365;C-43708;College of Engineering, Trivandrum;Kerala;State Government
366;C-43789;Government Brennen College;Kerala;State Government
367;C-43646;Government College, Attingal;Kerala;State Government
368;C-48122;Government Dental College;Kerala;State Government
369;C-48124;Government Medical College, Thiruvananthapuram;Kerala;State Government
370;C-8209;Government Victoria College;Kerala;State Government
371;C-8184;Govt. Arts & Science College, Meenchanda;Kerala;State Government
372;C-43705;Govt. College for Women, Thiruvananthapuram;Kerala;State Government
373;C-11754;Govt. College, Nattakom, Kottayam-686013;Kerala;State Government
374;C-43763;Govt.College, Nedumangad;Kerala;State Government
375;U-0802;INDIAN INSTITUTE OF INFORMATION TECHNOLOGY, KOTTAYAM;Kerala;Central Government
376;U-1013;Indian Institute of Management Kozhikode;Kerala;Central Government
377;U-0254;Indian Institute of Science Education & Research (IISER), Thiruvananthapuram;Kerala;Central Government
378;U-0255;Indian Institute of Space Science and Technology, Thiruvananthapuram;Kerala;Central Government
379;U-0878;Indian Institute of Technology, Palakkad;Kerala;Central Government
380;U-0256;Kannur University;Kerala;State Government
381;U-0257;Kerala Agricultural University;Kerala;State Government
382;U-0260;Kerala University;Kerala;State Government
383;U-0259;Kerala University of Fisheries and Ocean Studies;Kerala;State Government
384;C-11697;Maharaja s College, Ernakulam;Kerala;State Government
385;U-0262;Mahatma Gandhi University;Kerala;State Government
386;C-11815;Mar Athanasius College;Kerala;Private
387;C-43767;Mar Ivanios College;Kerala;Private
388;C-60553;NATIONAL HOMOEOPATHY RESEARCH INSTITUTE IN MENTAL HEALTH;Kerala;Central Government
389;U-0263;National Institute of Technology Calicut;Kerala;Central Government
390;S-21127;NATIONAL POWER TRAINING INSTITUTE, ALAPPUZHA;Kerala;Central Government
391;U-0264;National University of Advanced Legal Studies (NUALS);Kerala;State Government
392;S-164;Rajagiri Business School;Kerala;Private
393;C-11691;Rajagiri College of Social Sciences;Kerala;Private
394;C-11831;S.B. College, Changanassery;Kerala;Private
395;C-11708;Sacred Heart College;Kerala;Private
396;U-0266;Sree Chitra Tirunal Institute for Medical Sciences and Technology, Thiruvananthapuram;Kerala;Central Government
397;C-8275;Sree Neelakanda Govt. Sanskrit College, Pattambi;Kerala;State Government
398;C-8106;St. Joseph's College;Kerala;Private
399;C-8010;St. Joseph’s College, Devagiri;Kerala;Private
400;C-11582;St. Teresa s College, Ernakulam;Kerala;Private
401;C-8169;St. Thomas College, Thrissur;Kerala;Private
402;C-43671;University College, Thiruvananthapuram;Kerala;State Government
403;C-8008;Vimala College, Thrissur;Kerala;Private
404;U-1025;CENTRAL INSTITUTE OF BUDDHIST STUDIES;Ladakh;Central Government
405;U-0687;All India Institute of Medical Sciences Bhopal;Madhya Pradesh;Central Government
406;U-0267;Atal Bihari Vajpayee Indian Institute of Information Technology and Management;Madhya Pradesh;Central Government
407;U-0270;Devi Ahilya Vishwavidyalaya;Madhya Pradesh;State Government
408;U-0271;Dr. Harisingh Gaur  Vishwavidyalaya, Sagar;Madhya Pradesh;Central Government
409;C-58650;Footwear Design and Development Institute - Guna;Madhya Pradesh;Central Government
410;C-64662;HQ ONE SIGNAL TRAINING CENTRE;Madhya Pradesh;Central Government
411;U-1334;INDIAN INSTITUTE OF FOREST MANAGEMENT, BHOPAL;Madhya Pradesh;Central Government
412;U-1193;INDIAN INSTITUTE OF INFORMATION TECHNOLOGY;Madhya Pradesh;Central Government
413;U-1012;Indian Institute of Management Indore;Madhya Pradesh;Central Government
414;U-0272;Indian Institute of Science Education and Research Bhopal;Madhya Pradesh;Central Government
415;U-0273;Indian Institute of Technology Indore;Madhya Pradesh;Central Government
416;U-0290;Indira Gandhi National Tribal University, Amarkantak;Madhya Pradesh;Central Government
417;U-0277;Lakshmibai National Institute of Physical Education, Gwalior;Madhya Pradesh;Central Government
418;U-0284;Maulana Azad National Institute of Technology, Bhopal;Madhya Pradesh;Central Government
419;C-29758;Military College of Telecommunication Engineering (MCTE), Mhow;Madhya Pradesh;Central Government
420;U-1094;NATIONAL INSTITUTE OF DESIGN (NID) MADHYA PRADESH;Madhya Pradesh;Central Government
421;U-1333;NATIONAL INSTITUTE OF TECHNICAL TEACHERS TRAINING & RESEARCH, BHOPAL;Madhya Pradesh;Central Government
422;U-0285;National Law Institute University, Bhopal;Madhya Pradesh;State Government
423;U-0286;Pandhi Dwarka Prasad Mishra Indian Institute of Information Technology & Manufacturing , Jabalpur;Madhya Pradesh;Central Government
424;C-39256;Raja Ramanna Centre for Advanced Technology (RRCAT),Indore;Madhya Pradesh;Central Government
425;U-0626;School of Planning and Architecture Bhopal;Madhya Pradesh;Central Government
426;C-41628;AISSMS College of Pharmacy;Maharashtra;Private
427;C-13967;Ali Yavar Jung National Institute of the Hearing  Handicapped, Mumbai;Maharashtra;Central Government
428;U-1051;ALL INDIA INSTITUTE OF MEDICAL SCIENCES NAGPUR;Maharashtra;Central Government
429;C-13849;All India Institute of Physical Medicine & Rehabilitation, Haji Ali Park, K. Khadye Marg, Mahalaxmi, Mumbai 422 004;Maharashtra;Central Government
430;C-13844;Armed Force Medical College;Maharashtra;Central Government
431;C-39260;Bhabha Atomic Research Centre (BARC), Mumbai;Maharashtra;Central Government
432;C-35422;Bharati Vidyapeeth (Deemed to be University) Dental College and Hospital, Pune;Maharashtra;Private
433;C-11091;Bharati Vidyapeeth College of Pharmacy;Maharashtra;Private
434;C-33873;Bombay College of Pharmacy;Maharashtra;Private
435;C-44200;C.U.Shah College of Pharmacy;Maharashtra;State Government
436;U-0293;Central Institute of Fisheries Education, Fishries University;Maharashtra;Central Government
437;U-1257;COEP Technological University;Maharashtra;State Government
438;C-8316;College of Military Engineering;Maharashtra;Central Government
439;C-13845;College of Nursing, INHS Asvinis College of Nursing (B.Sc.) INHS Asvini, Colaba, Mumbai;Maharashtra;Central Government
440;U-0295;Datta Meghe Institute of Higher Education and Research;Maharashtra;Private
441;U-0297;Defence Institute of Advanced Technology;Maharashtra;Central Government
442;C-18279;Dhananjayrao Gadgil Sahakari Prabandh Sansthan, New nandanvan;Maharashtra;Central Government
443;C-41223;Dr D Y Patil Institute of Pharmaceutical Sciences and Research;Maharashtra;Private
444;U-0298;Dr. Babasaheb Ambedkar Marathwada University;Maharashtra;State Government
445;U-0301;Dr. D. Y. Patil Vidyapeeth;Maharashtra;Private
446;C-41431;Fergusson College (Autonomous);Maharashtra;Private
447;C-18938;Government Institute of Science, Nagpur;Maharashtra;State Government
448;C-13829;Govt. Dental College, Mumbai;Maharashtra;State Government
449;C-14033;Govt. Dental College, Nagpur;Maharashtra;State Government
450;C-40057;Homi Bhabha Centre for Science Education;Maharashtra;Central Government
451;U-0304;Homi Bhabha National Institute;Maharashtra;Central Government
452;U-0841;INDIAN INSTITUTE OF INFORMATION TECHNOLOGY, NAGPUR;Maharashtra;Central Government
453;U-0804;INDIAN INSTITUTE OF INFORMATION TECHNOLOGY, PUNE;Maharashtra;Central Government
454;U-1283;Indian Institute of Management Mumbai;Maharashtra;Central Government
455;U-1018;Indian Institute of Management Nagpur;Maharashtra;Central Government
456;U-0305;Indian Institute of Science Education and Research Pune;Maharashtra;Central Government
457;U-0306;Indian Institute of Technology Bombay;Maharashtra;Central Government
458;C-61033;INDIAN MARITIME UNIVERSITY, MUMBAI PORT ;Maharashtra;Central Government
459;C-60302;Indian Naval Ship Hamla;Maharashtra;Central Government
460;S-15087;Institute for Design of Electrical Measuring Instruments;Maharashtra;Central Government
461;C-34195;Institute for research in reproduction (indian council of medical research);Maharashtra;Central Government
462;U-0308;Institute of Chemical Technology;Maharashtra;State Government
463;C-60004;INSTITUTE OF ENGINEERING AND TECHNOLOGY, NDA;Maharashtra;Central Government
464;U-0309;International Institute for Population Sciences, Mumbai;Maharashtra;Central Government
465;S-220;K J Somaiya Institute of Management Studies and Research;Maharashtra;Private
466;U-0886;Maharashtra National Law University Mumbai;Maharashtra;State Government
467;U-0880;Maharashtra National Law University, Nagpur;Maharashtra;State Government
468;U-0314;Mahatama Gandhi Antarrashtriya Hindi Vishwavidyalaya, Wardha;Maharashtra;Central Government
469;U-0891;MIT Art, Design and Technology University, Pune;Maharashtra;Private
470;U-0318;Mumbai University;Maharashtra;State Government
471;C-13751;Nair Hospital Dental College;Maharashtra;Private
472;C-18673;National Fire Service College, Civil Lines;Maharashtra;Central Government
473;C-33642;National Institute for the Mentally Handicapped Fkat Bi, B-102 Vasundhara CHS Plot No 13-14  Sector 8 Kharghar Navi Mumbai 410 210;Maharashtra;Central Government
474;S-14565;National Institute of Bank Management;Maharashtra;Private
475;C-47477;NATIONAL INSTITUTE OF FASHION TECHNOLOGY, MUMBAI;Maharashtra;Central Government
476;U-0320;North Maharashtra University;Maharashtra;State Government
477;C-35430;Poona College of Pharmacy, Pune;Maharashtra;Private
478;S-19472;Prin. L.N. Welingkar Institute of Management Development and Research (PGDM);Maharashtra;Private
479;C-33635;Principal K.M. Kundnani College of Pharmacy;Maharashtra;State Government
480;C-42167;PROGRESSIVE EDUCATION SOCIETYS MODERN COLLEGE OF PHARMACY;Maharashtra;Private
481;C-8993;R. C. Patel Institute of Pharmaceutical Education and Research;Maharashtra;Private
482;U-0332;Rashtrasant Tukadoji Maharaj Nagpur University;Maharashtra;State Government
483;C-33504;S. P. Jain Institute of Management and Research;Maharashtra;Private
484;U-0323;Savitribai Phule Pune University;Maharashtra;State Government
485;U-0325;Shivaji University;Maharashtra;State Government
486;C-43229;Shri Shivaji Science College;Maharashtra;Private
487;C-18900;Smt. Kishoritai Bhoyar College of Pharmacy;Maharashtra;Private
488;C-33555;St. Xavier`s College;Maharashtra;Private
489;U-0319;SVKM`s Narsee Monjee Institute of Management Studies;Maharashtra;Private
490;C-33877;SVKM’s Dr. Bhanuben Nanavati College of Pharmacy;Maharashtra;Private
491;C-19343;Symbiosis Institute of Business Management;Maharashtra;Private
492;U-0329;Symbiosis International;Maharashtra;Private
493;C-19328;Symbiosis Law School;Maharashtra;Private
494;U-0979;Symbiosis Skills and Professional University (Formerly Symbiosis Skill and Open University);Maharashtra;Private
495;U-0330;Tata Institute of Fundamental Research;Maharashtra;Central Government
496;U-0331;Tata Institute of Social Sciences;Maharashtra;Private
497;C-39257;Tata Memorial Centre (TMC),Mumbai;Maharashtra;Central Government
498;C-33641;Veermata Jijabai Technological Institute,  (VJTI, Mumbai);Maharashtra;State Government
499;U-0334;Visvesvaraya National Institute of Technology Nagpur;Maharashtra;Central Government
500;C-34531;Y. B. Chavan College of Pharmacy;Maharashtra;Private
501;U-0336;Central Agricultural University;Manipur;Central Government
502;C-48586;COLLEGE OF NURSING, RIMS;Manipur;Central Government
503;C-48585;DENTAL COLLEGE, RIMS;Manipur;Central Government
504;U-0770;INDIAN INSTITUTE OF INFORMATION TECHNOLOGY, SENAPATI;Manipur;Central Government
505;U-0337;Manipur University, Imphal;Manipur;Central Government
506;U-0613;National Institute of Technology Manipur;Manipur;Central Government
507;U-1026;NATIONAL SPORTS UNIVERSITY;Manipur;Central Government
508;C-9435;Regional Institute of Medical Sciences;Manipur;Central Government
509;C-26832;College of Post Graduate Studies, Umiam;Meghalaya;Central Government
510;U-1011;Indian Institute of Management Shillong;Meghalaya;Central Government
511;S-17784;INSTITUTE OF HOTEL MANAGEMENT;Meghalaya;Central Government
512;C-47481;NATIONAL INSTITUTE OF FASHION TECHNOLOGY, SHILLONG;Meghalaya;Central Government
513;U-0619;National Institute of Technology Meghalaya;Meghalaya;Central Government
514;C-65041;NORTH EAST REGIONAL INSTITUTE OF EDUCATION;Meghalaya;Central Government
515;U-0341;North Eastern Hill University, Shillong;Meghalaya;Central Government
516;S-16707;North Eastern Institute of Ayurveda and Homoeopathy;Meghalaya;Central Government
517;U-0345;Mizoram University, Aizwal;Mizoram;Central Government
518;U-0617;National Institute of Technology Mizoram;Mizoram;Central Government
519;C-8308;Pachhunga University College;Mizoram;Central Government
520;C-8298;Regional Institute of Paramedical and Nursing Sciences;Mizoram;Central Government
521;U-0347;Nagaland University;Nagaland;Central Government
522;U-0618;National Institute of Technology Nagaland;Nagaland;Central Government
523;U-0688;All India Institute of Medical Sciences Bhubaneswar;Odisha;Central Government
524;C-39370;Army A.D. College, Gopalpur;Odisha;Central Government
525;U-0350;Berhampur University;Odisha;State Government
526;U-0352;Central University of Orissa, Koraput;Odisha;Central Government
527;S-21028;ESTUARINE BIOLOGY REGIONAL CENTRE ZOOLOGICAL SURVEY OF INDIA;Odisha;Central Government
528;U-0354;Fakir Mohan University;Odisha;State Government
529;U-1002;Indian Institute of Management Sambalpur;Odisha;Central Government
530;U-0828;Indian Institute of Science Education & Research (IISER), Berhampur;Odisha;Central Government
531;U-0355;Indian Institute of Technology, Bhubaneshwar;Odisha;Central Government
532;C-39258;Institute of Physics (IOP),Bhubaneswar;Odisha;Central Government
533;U-1032;International Institute of Information Technology Bhubaneswar;Odisha;State Government
534;S-16690;International Management Institute, Bhubaneswar;Odisha;Private
535;U-0356;Kalinga Institute of Industrial Technology;Odisha;Private
536;C-47469;NATIONAL INSTITUTE OF FASHION TECHNOLOGY, BHUBANESWAR;Odisha;Central Government
537;C-45304;NATIONAL INSTITUTE OF SCIENCE EDUCATION AND RESEARCH;Odisha;Central Government
538;U-0357;National Institute of Technology Rourkela;Odisha;Central Government
539;U-0358;National Law University, Cuttack;Odisha;State Government
540;U-0360;Odisha University of Agriculture and Technology;Odisha;State Government
541;U-0361;Ravenshaw University;Odisha;State Government
542;U-0362;Sambalpur University, Sambalpur;Odisha;State Government
543;U-0363;Siksha `O` Anusandhan;Odisha;Private
544;U-0366;Utkal University;Odisha;State Government
545;U-0367;Veer Surendra Sai University of Technology;Odisha;State Government
546;U-0715;XIM University;Odisha;Private
547;C-6523;Indira Gandhi College of Arts   and Science;Puducherry;State Government
548;U-0368;Jawaharlal Institute of Post Graduate Medical Education and Research;Puducherry;Central Government
549;C-6502;Kanchi Mamunivar Govt. Institute for Postgraduate Studies and Research;Puducherry;State Government
550;C-6566;Mahatma Gandhi Government Arts College;Puducherry;State Government
551;C-47762;Mahatma Gandhi Medical College and Research Institute;Puducherry;Private
552;C-6548;Mahatma Gandhi P.G. Institute of Dental Sciences;Puducherry;State Government
553;U-0621;National Institute of Technology Puducherry;Puducherry;Central Government
554;U-0369;Pondicherry Univeristy, Puducherry;Puducherry;Central Government
555;C-6559;Vector Control Research Centre (I.C.M.R.);Puducherry;Central Government
556;U-1114;ALL INDIA INSTITUTE OF MEDICAL SCIENCE;Punjab;Central Government
557;C-10250;Amar Shaheed Baba Ajit Singh Jujhar Singh Memorial College;Punjab;Private
558;C-22215;Army Institute of Law;Punjab;Private
559;S-14536;CENTRAL INSTITUTE OF PLASTICS ENGINEERING & TECHNOLOGY (CIPET), AMRITSAR;Punjab;Central Government
560;S-2421;CENTRAL TOOL ROOM, LUDHIANA;Punjab;Central Government
561;U-0372;Central University of Punjab, Bathhinda;Punjab;Central Government
562;C-27840;Centre for Development of Advanced Computing (C-DAC), Mohali;Punjab;Central Government
563;C-10283;Chandigarh College of Pharmacy;Punjab;Private
564;U-0747;Chandigarh University;Punjab;Private
565;C-29150;Christian Dental College;Punjab;Private
566;C-29209;Christian Medical College;Punjab;Private
567;C-29255;Dayanand Medical College;Punjab;Private
568;U-0374;Dr. B. R. Ambedkar National Institute of Technology, Jalandhar;Punjab;Central Government
569;C-22139;Government Bikram College of Commerce, Patiala;Punjab;State Government
570;U-0375;Guru Angad Dev Veterinary and Animal Sciences University;Punjab;State Government
571;C-69465;HOMI BHABHA CANCER HOSPITAL;Punjab;Central Government
572;C-10398;I. S. F. College of Pharmacy;Punjab;Private
573;U-1001;Indian Institute of Management Amritsar;Punjab;Central Government
574;U-0377;Indian Institute of Science Education and Research Mohali;Punjab;Central Government
575;U-0378;Indian Institute of Technology Ropar;Punjab;Central Government
576;U-0379;Lovely Professional University;Punjab;Private
577;C-22239;N.I.S., Patiala;Punjab;Central Government
578;C-70709;NATIONAL  INSTITUTE OF ELECTRONICS AND INFORMATION TECHNOLOGY,NIELIT;Punjab;Central Government
579;U-0380;National Institute of Pharmaceutical Education and Research Mohali;Punjab;Central Government
580;C-29157;Netaji Subhas Institute of Sports, Moti Bagh, Patiala;Punjab;Central Government
581;U-0381;Punjab Agricultural University;Punjab;State Government
582;U-0383;Punjabi University;Punjab;State Government
583;U-0384;Sant Longowal Institute of Engg. & Tech., Longowal;Punjab;Central Government
584;U-0385;Thapar Institute of Engineering and Technology (Deemed-to-be-university);Punjab;Private
585;U-0386;The Rajiv Gandhi National University of Law;Punjab;State Government
586;U-0689;All India Institute of Medical Sciences Jodhpur;Rajasthan;Central Government
587;U-0949;Bhartiya Skill Development University;Rajasthan;Private
588;U-0391;Birla Institute of Technology and Science, Pilani;Rajasthan;Private
589;U-0392;Central University of Rajasthan, Jaipur;Rajasthan;Central Government
590;U-0799;INDIAN INSTITUTE OF INFORMATION TECHNOLOGY, KOTA;Rajasthan;Central Government
591;U-1010;Indian Institute of Management Udaipur;Rajasthan;Central Government
592;U-0395;Indian Institute of Technology Jodhpur;Rajasthan;Central Government
593;S-309;Jaipuria Institute of Management;Rajasthan;Private
594;U-0407;Maharana Pratap University of Agriculture & Technology, Udaipur;Rajasthan;State Government
595;U-0410;Malaviya National Institute of Technology;Rajasthan;Central Government
596;U-0413;Mohan Lal Sukhadia University;Rajasthan;State Government
597;C-26217;National Institute of Ayurveda, Jaipur;Rajasthan;Central Government
598;C-47473;NATIONAL INSTITUTE OF FASHION TECHNOLOGY, JODHPUR;Rajasthan;Central Government
599;C-39206;S S Jain Subodh P G College, Jaipur;Rajasthan;Private
600;C-47118;Sawai Man Singh Medical College;Rajasthan;State Government
601;U-0614;National Institute of Technology Sikkim;Sikkim;Central Government
602;U-0430;Sikkim  University, Gangtok;Sikkim;Central Government
603;C-41140;A.P.C. Mahalaxmi College for Women;Tamil Nadu;State Government
604;C-45597;Adhiparasakthi Dental College and Hospital, Kancheepuram;Tamil Nadu;Private
605;C-28526;Alagappa Government Arts College;Tamil Nadu;State Government
606;U-0435;Alagappa University;Tamil Nadu;State Government
607;U-1304;ALL INDIA INSTITUTE OF MEDICAL SCIENCES MADURAI;Tamil Nadu;Central Government
608;U-0436;Amrita Vishwa Vidyapeetham;Tamil Nadu;Private
609;U-0439;Anna University;Tamil Nadu;State Government
610;U-0443;Annamalai University;Tamil Nadu;State Government
611;C-45757;Arulmigu Kalasalingam College of Pharmacy;Tamil Nadu;Private
612;C-36579;Ayya Nadar Janaki Ammal College;Tamil Nadu;Private
613;U-0446;Bharath Institute of Higher Education and Research;Tamil Nadu;Private
614;C-43937;Bharathi Womens College;Tamil Nadu;State Government
615;U-0447;Bharathiar University;Tamil Nadu;State Government
616;U-0448;Bharathidasan Institute of Management (NIRF Code (N-4));Tamil Nadu;Private
617;U-0448;Bharathidasan University;Tamil Nadu;State Government
618;C-35825;Bishop Heber College;Tamil Nadu;Private
619;C-26800;Central Electro-Chemical Research Institute, Karaikudi;Tamil Nadu;Central Government
620;S-15035;Central Institute of Petrochemicals Engineering & Technology (CIPET), Madurai;Tamil Nadu;Central Government
621;U-0449;Central University of Tamil Nadu, Tiruvarur;Tamil Nadu;Central Government
622;C-45605;Chettinad Dental College and Research Institute;Tamil Nadu;Private
623;C-45654;Christian Medical College;Tamil Nadu;Private
624;C-45416;College of Pharmacy, Madras Medical College;Tamil Nadu;State Government
625;U-0452;Dakshina Bharat Hindi Prachar Sabha;Tamil Nadu;Central Government
626;C-35868;Dhanalakshmi Srinivasan College of Arts and Science for Women;Tamil Nadu;Private
627;C-41054;Dr. N. G. P. Arts and Science College;Tamil Nadu;Private
628;C-41042;Dr. S. N. S. Rajalakshmi College of Arts and Science;Tamil Nadu;Private
629;C-45507;ESI MEDICAL COLLEGE & ESI-PGIMSR (Inst. Code - 495), CHENNAI;Tamil Nadu;Central Government
630;C-43902;Ethiraj College for Women;Tamil Nadu;Private
631;C-58886;FOOTWEAR DESIGN AND DEVELOPMENT INSTITUTE;Tamil Nadu;Central Government
632;C-41035;Government Arts College;Tamil Nadu;State Government
633;C-35848;Government Arts College;Tamil Nadu;State Government
634;C-9517;Government Arts College;Tamil Nadu;State Government
635;C-35795;Government College for Women, Kumbakonam;Tamil Nadu;State Government
636;S-327;Great Lakes Institute of Management;Tamil Nadu;Private
637;C-43998;Guru Nanak College;Tamil Nadu;Private
638;C-41177;Holy Cross College;Tamil Nadu;State Government
639;C-35787;Holy Cross College, Tiruchirappalli;Tamil Nadu;Private
640;C-56312;INDIAN INSTITUTE OF HANDLOOM TECHNOLOGY, SALEM;Tamil Nadu;Central Government
641;U-0455;Indian Institute of Information Technology, Design & Manufacturing, Kancheepuram;Tamil Nadu;Central Government
642;U-0754;INDIAN INSTITUTE OF INFORMATION TECHNOLOGY, SRIRANGAM;Tamil Nadu;Central Government
643;U-1000;Indian Institute of Management Tiruchirappalli;Tamil Nadu;Central Government
644;U-0456;Indian Institute of Technology Madras;Tamil Nadu;Central Government
645;U-0457;Indian Maritime University;Tamil Nadu;Central Government
646;C-61184;INDIAN MARITIME UNIVERSITY, CHENNAI;Tamil Nadu;Central Government
647;C-39255;Indira Gandhi Centre for Atomic Research (IGCAR), Kalpakkam;Tamil Nadu;Central Government
648;S-15827;INSTITUTE OF HOTEL MANAGEMENT CATERING TECHNOLOGY AND APPLIED NUTRITION, TARAMANI, CHENNAI;Tamil Nadu;Central Government
649;C-35832;Jamal Mohamed College, Tiruchirappalli;Tamil Nadu;Private
650;C-35006;JSS College of Pharmacy;Tamil Nadu;Private
651;U-0458;Kalasalingam Academy of Research and Education;Tamil Nadu;Private
652;C-41106;Kongunadu Arts and Science College;Tamil Nadu;Private
653;C-35814;Kunthavai Naacchiyaar Government Arts College for Women;Tamil Nadu;State Government
654;C-44006;Loyola College;Tamil Nadu;Private
655;S-331;Loyola Institute of Business Administration;Tamil Nadu;Private
656;C-43965;Madras Christian College;Tamil Nadu;Private
657;C-49008;Madras Medical College and Government General Hospital, Chennai;Tamil Nadu;State Government
658;C-43964;Madras School of Social Work;Tamil Nadu;Private
659;U-0463;Madurai Kamaraj University;Tamil Nadu;State Government
660;U-0464;Manonmaniam Sundaranar University, Tirunelveli;Tamil Nadu;State Government
661;C-45585;Nandha College of Pharmacy;Tamil Nadu;Private
662;C-43991;NATESAN INSTITUTE OF CO-OPERATIVE MANAGEMENT;Tamil Nadu;Central Government
663;C-35878;National College;Tamil Nadu;Private
664;C-14544;National Institute for Empowerment of Persons with Multiple Disabilities (NIEPMD);Tamil Nadu;Central Government
665;C-45448;NATIONAL INSTITUTE OF  SIDDHA (Inst. Code - 183), TAMBARAM SANITORIUM, CHENNAI;Tamil Nadu;Central Government
666;C-47470;NATIONAL INSTITUTE OF FASHION TECHNOLOGY, CHENNAI;Tamil Nadu;Central Government
667;U-1317;National Institute of Food Technology, Entrepreneurship and Management;Tamil Nadu;Central Government
668;U-1331;NATIONAL INSTITUTE OF TECHNICAL TEACHERS TRAINING AND RESEARCH, CHENNAI;Tamil Nadu;Central Government
669;U-0467;National Institute of Technology Tiruchirappalli;Tamil Nadu;Central Government
670;C-41154;Nesamony Memorial Christian College, Marthandam, Kanyakumari Dist.;Tamil Nadu;Private
671;U-0470;Periyar University;Tamil Nadu;State Government
672;C-43921;Presidency College;Tamil Nadu;State Government
673;C-41124;PSG College of Arts and Science;Tamil Nadu;Private
674;C-45540;PSG College of Pharmacy;Tamil Nadu;Private
675;C-41046;PSGR Krishnammal College for Women;Tamil Nadu;Private
676;C-43927;Queen Mary`s College;Tamil Nadu;State Government
677;C-35846;Rajah Serfoji Government College, Thanjavur - 613 005;Tamil Nadu;State Government
678;U-0472;Rajiv Gandhi National Instiute of Youth Development, Sriperumbudur;Tamil Nadu;Central Government
679;U-0473;S.R.M. Institute of Science and Technology;Tamil Nadu;Private
680;C-36411;Sacred Heart College (Autonomous);Tamil Nadu;Private
681;C-41191;Sadakathullah Appa College;Tamil Nadu;Private
682;C-67493;SARDAR VALLABHAI PATEL INTERNATIONAL SCHOOL OF TEXTILE AND  MANAGEMENT;Tamil Nadu;Central Government
683;U-0474;Sathyabama Institute of Science and Technology;Tamil Nadu;Private
684;U-0475;Saveetha Institute of Medical and Technical Sciences;Tamil Nadu;Private
685;C-41189;Scott Christian College;Tamil Nadu;Private
686;U-0476;Shanmugha Arts Science Technology and Research Academy;Tamil Nadu;Private
687;C-41126;Sri Krishna Arts and Science College;Tamil Nadu;Private
688;U-0478;Sri Ramachandra Institute of Higher Education and Research;Tamil Nadu;Private
689;C-41100;Sri Ramakrishna College of Arts and Science;Tamil Nadu;Private
690;C-41077;Sri Ramakrishna Mission Vidyalaya College of Arts and Science;Tamil Nadu;Private
691;C-16604;Sri Sivasubramaniya Nadar College of Engineering;Tamil Nadu;Private
692;C-45430;SRM Dental College;Tamil Nadu;Private
693;C-45430;SRM Kattankulathur Dental College (NIRF Code (N-353));Tamil Nadu;Private
694;C-35860;St. Joseph's College, Tiruchirappalli;Tamil Nadu;Private
695;C-41173;St. Xavier's College, Palayamkottai;Tamil Nadu;Private
696;C-43931;Stella Maris College for Women;Tamil Nadu;Private
697;U-0485;Tamil Nadu Agricultural University;Tamil Nadu;State Government
698;U-0665;Tamil Nadu Dr.J.Jayalalithaa Fisheries University;Tamil Nadu;State Government
699;U-0487;Tamil Nadu Veterinary and Animal Sciences University;Tamil Nadu;State Government
700;C-35809;Thanthai Periyar Government Arts and Science College (Autonomous);Tamil Nadu;State Government
701;C-36547;The American College;Tamil Nadu;Private
702;C-39252;The Institute of Mathematical Sciences (IMSc),chennai;Tamil Nadu;Central Government
703;S-8953;THE KALAKSHETRA FOUNDATION, CHENNAI;Tamil Nadu;Central Government
704;C-36513;Thiagarajar College;Tamil Nadu;Private
705;C-36557;Thiagarajar School of Management;Tamil Nadu;Private
706;C-9557;Thiruvalluvar Government Arts College;Tamil Nadu;State Government
707;U-0462;University of Madras;Tamil Nadu;State Government
708;C-41157;V.O. Chidambaram College;Tamil Nadu;Private
709;U-0490;Vellore Institute of Technology;Tamil Nadu;Private
710;C-36502;Virudhunagar Hindu Nadars Senthikumara Nadar College;Tamil Nadu;Private
711;C-43946;Women`s Christian College;Tamil Nadu;Private
712;U-1108;ALL INDIA INSTITUTE OF MEDICAL SCIENCE  BIBINAGAR;Telangana;Central Government
713;C-30603;Army College of Dental Sciences;Telangana;Private
714;C-25541;Central Research Institute of Unani Medicine;Telangana;Central Government
715;C-19611;CMR College of Pharmacy;Telangana;Private
716;C-58477;ESIC Medical College;Telangana;Central Government
717;C-58651;Footwear Design and Development Institute - Hyderabad;Telangana;Central Government
718;U-0012;ICFAI Foundation for Higher Education, Hyderabad;Telangana;Private
719;U-0013;Indian Institute of Technology Hyderabad;Telangana;Central Government
720;S-14562;Institute of Management Technology;Telangana;Private
721;U-0017;Jawaharlal Nehru Technological University;Telangana;State Government
722;U-0019;Kakatiya University;Telangana;State Government
723;U-0023;Maulana Azad National Urdu University, Hyderabad;Telangana;Central Government
724;C-60113;MILITARYCOLLEGE OF ELECTRONICS AND MECHANICAL ENGINEERING;Telangana;Central Government
725;U-0024;Nalsar University of Law;Telangana;State Government
726;S-25;NATIONAL ACADEMY OF AGRICULTURE RESEARCH MANAGEMENT;Telangana;Central Government
727;C-25709;National Institute for the Mentally Handicapped;Telangana;Central Government
728;S-14553;National Institute of Agricultural Extension Management;Telangana;Central Government
729;U-1118;National Institute of Pharmaceutical Education and Research Hyderabad;Telangana;Central Government
730;U-0025;National Institute of Technology Warangal;Telangana;Central Government
731;C-25476;Nizam College, Basheerbagh;Telangana;State Government
732;C-30588;Osmania Medical College;Telangana;State Government
733;U-0027;Osmania University;Telangana;State Government
734;U-0784;Professor Jayashankar Telangana State Agricultural University;Telangana;State Government
735;C-26044;Railway Degree College;Telangana;Central Government
736;U-0041;The English and Foreign Languages University, Hyderabad;Telangana;Central Government
737;C-61514;University College of Engineering;Telangana;State Government
738;U-0042;University of Hyderabad;Telangana;Central Government
739;C-19613;Vishnu Institute of Pharmaceutical Education and Research;Telangana;Private
740;C-50817;DIU COLLEGE;The Dadra and Nagar Haveli and Daman and Diu;Central Government
741;C-47929;DR B B A GOVERNMENT POLYTECHNIC;The Dadra and Nagar Haveli and Daman and Diu;Central Government
742;C-59611;GOVERNMENT COLLEGE OF NURSING, DAMAN;The Dadra and Nagar Haveli and Daman and Diu;Central Government
743;C-60284;GOVERNMENT ENGINEERING COLLEGE DAMAN;The Dadra and Nagar Haveli and Daman and Diu;Central Government
744;C-52604;GOVERNMENT POLYTECHNIC, DIU;The Dadra and Nagar Haveli and Daman and Diu;Central Government
745;C-63929;INDIAN INSTITUTE OF INFORMATION TECHNOLOGY VADODARA INTERNATIONAL CAMPUS DIU;The Dadra and Nagar Haveli and Daman and Diu;Central Government
746;C-48563;Shri Vinoba Bhave College of Nursing, Silvassa;The Dadra and Nagar Haveli and Daman and Diu;Central Government
747;C-65956;SHRI VINOBA BHAVE INSTITUTE OF MEDICAL SCIENCE AND RESEARCH;The Dadra and Nagar Haveli and Daman and Diu;Central Government
748;S-19405;CENTRAL INSTITUTE OF PETROCHEMICALS ENGINEERING AND TECHNOLOGY (CIPET)  AGARTALA;Tripura;Central Government
749;U-1158;Indian Institute of Information Technology Agartala;Tripura;Central Government
750;C-47426;NATIONAL INSTITUTE OF ELECTRONICS AND INFORMATION TECHNOLOGY, AGARTALA;Tripura;Central Government
751;U-0493;National Institute of Technology Agartala;Tripura;Central Government
752;S-18150;NATIONAL SCHOOL OF DRAMA (THEATRE-IN-EDUCATION WING);Tripura;Central Government
753;U-0495;Tripura University, Agartala;Tripura;Central Government
754;U-0713;Academy of Scientific and Innovative Research;Uttar Pradesh;Central Government
755;U-0496;Aligarh Muslim University;Uttar Pradesh;Central Government
756;U-1180;ALL INDIA INSTITUTE OF MEDICAL SCIENCE GORAKHPUR;Uttar Pradesh;Central Government
757;U-1092;ALL INDIA INSTITUTE OF MEDICAL SCIENCES (AIIMS), RAEBARELI;Uttar Pradesh;Central Government
758;U-0497;Amity University;Uttar Pradesh;Private
759;U-0498;Babasaheb Bhimrao Ambedkar University;Uttar Pradesh;Central Government
760;U-0500;Banaras Hindu University;Uttar Pradesh;Central Government
761;S-354;Birla Institute of Management Technology;Uttar Pradesh;Private
762;U-0502;Bundelkhand University;Uttar Pradesh;State Government
763;C-32889;C - DAC, NOIDA;Uttar Pradesh;Central Government
764;U-0503;Central Institute of Higher Tibetan Studies, Varanasi;Uttar Pradesh;Central Government
765;U-0505;Chatrapati Sahuji Maharaj Kanpur University;Uttar Pradesh;State Government
766;U-0506;Chaudhary Charan Singh University Meerut;Uttar Pradesh;State Government
767;U-0511;Dr. Ram Manohar Lohiya National Law University;Uttar Pradesh;State Government
768;U-0898;Footwear Design and Development Institute;Uttar Pradesh;Central Government
769;C-58652;FOOTWEAR DESIGN AND DEVELOPMENT INSTITUTE - RAE BARELI;Uttar Pradesh;Central Government
770;U-0864;Harcourt Butler Technical University;Uttar Pradesh;State Government
771;C-12510;I.G.R.U. ACADEMY, FURSATGANJ AIRFIELD,;Uttar Pradesh;Central Government
772;C-46732;INDIAN INSTITUTE OF CARPET TECHNOLOGY, BHADOHI;Uttar Pradesh;Central Government
773;S-14554;INDIAN INSTITUTE OF HANDLOOM TECHNOLOGY, VARANASI;Uttar Pradesh;Central Government
774;U-0516;Indian Institute of Information Technology Allahabad;Uttar Pradesh;Central Government
775;U-0801;INDIAN INSTITUTE OF INFORMATION TECHNOLOGY, LUCKNOW;Uttar Pradesh;Central Government
776;U-1008;Indian Institute of Management Lucknow;Uttar Pradesh;Central Government
777;U-0701;Indian Institute of Technology (Banaras Hindu University) Varanasi;Uttar Pradesh;Central Government
778;U-0517;Indian Institute of Technology Kanpur;Uttar Pradesh;Central Government
779;U-0518;Indian Veterinary Research Institute, Izatnagar;Uttar Pradesh;Central Government
780;S-394;Institute of Management Technology;Uttar Pradesh;Private
781;S-419;Jaipuria Institute of Management Lucknow;Uttar Pradesh;Private
782;S-3283;Jaipuria Institute of Management Noida;Uttar Pradesh;Private
783;C-46111;KIET Group of Institutions: KIET Group of Pharmacy;Uttar Pradesh;Private
784;U-0523;King George`s Medical University;Uttar Pradesh;State Government
785;U-0739;Madan Mohan Malaviya University of Technology;Uttar Pradesh;State Government
786;U-0525;Mahatama Jyotiba Phule Rohikhand University, Bareilly;Uttar Pradesh;State Government
787;U-0530;Motilal Nehru National Institute of Technology, Allahabad;Uttar Pradesh;Central Government
788;S-17656;National Institute of Pharmaceutical Education and Research Raebareli;Uttar Pradesh;Central Government
789;S-8962;NATIONAL SUGER INSTITUTE, KANPUR;Uttar Pradesh;Central Government
790;C-62971;Noida Institute of Engineering and Technology (Pharmacy Institute);Uttar Pradesh;Private
791;U-0535;Rajiv Gandhi Institute of Petroleum Technology;Uttar Pradesh;Central Government
792;U-1117;RAJIV GANDHI NATIONAL AVIATION UNIVERSITY;Uttar Pradesh;Central Government
793;U-1198;Rani Lakshmi Bai Central Agricultural University;Uttar Pradesh;Central Government
794;U-0536;Sam Higginbottom Institute of Agriculture, Technology and Sciences;Uttar Pradesh;State Government
795;U-0538;Sanjay Gandhi Postgraduate Institute of Medical Sciences;Uttar Pradesh;State Government
796;U-0642;Shiv Nadar University;Uttar Pradesh;Private
797;U-0548;University of Allahabad, Allahabad;Uttar Pradesh;Central Government
798;U-0524;University of Lucknow;Uttar Pradesh;State Government
799;U-0882;Uttar Pradesh University of Medical Sciences;Uttar Pradesh;State Government
800;U-0691;All India Institute of Medical Sciences Rishikesh;Uttarakhand;Central Government
801;U-0553;Forest Research Institute, Dehradun;Uttarakhand;Central Government
802;U-0554;G.B. Pant Universtiy of Agriculture and Technology;Uttarakhand;State Government
803;U-0555;Graphic Era University;Uttarakhand;Private
804;U-0557;Hemwati Nandan Bahuguna Garhwal Univeristy, Srinagar, Garhwal;Uttarakhand;Central Government
805;U-1009;Indian Institute of Management Kashipur;Uttarakhand;Central Government
806;U-0560;Indian Institute of Technology Roorkee;Uttarakhand;Central Government
807;U-0562;Kumaun University, Nainital;Uttarakhand;State Government
808;U-0616;National Institute of Technology Uttarakhand;Uttarakhand;Central Government
809;U-0564;UPES;Uttarakhand;Private
810;C-16448;Ali Yabar Jung National Institute of Hearing Handicapped;West Bengal;Central Government
811;C-16390;All India Institute of Hygiene and Public Health;West Bengal;Central Government
812;U-1052;ALL INDIA INSTITUTE OF MEDICAL SCIENCE KALYANI;West Bengal;Central Government
813;C-11991;Bethune College;West Bengal;State Government
814;U-0568;Bidhan Chandra Krishi Vishwavidyalaya;West Bengal;State Government
815;U-0570;Calcutta University;West Bengal;State Government
816;C-16396;Central Research Institute of Ayurveda;West Bengal;Central Government
817;C-44043;Central Sericultural Research & Training Institute;West Bengal;Central Government
818;S-10893;CENTRAL TOOL ROOM & TRAINING CENTRE NORTH 24 PARGANAS;West Bengal;Central Government
819;C-16410;Chittaranjan National Cancer Institute;West Bengal;Central Government
820;C-16434;College of Nursing, Command Hospital;West Bengal;Central Government
821;C-16409;Command Hospital;West Bengal;Central Government
822;C-6178;Dr. B. C. Roy College of Pharmacy and Allied Health Sciences;West Bengal;Private
823;C-16426;E S I, Joka;West Bengal;Central Government
824;S-10906;Guru Nanak Institute of Pharmaceutical Science and Technology;West Bengal;Private
825;U-1049;INDIAN ASSOCIATION FOR THE CULTIVATION OF SCIENCE;West Bengal;Central Government
826;U-0584;INDIAN INSTITUTE OF ENGINEERING SCIENCE AND TECHNOLOGY, SHIBPUR;West Bengal;Central Government
827;S-15353;INDIAN INSTITUTE OF HANDLOOM TECHNOLOGY;West Bengal;Central Government
828;U-0796;INDIAN INSTITUTE OF INFORMATION TECHNOLOGY, KALYANI;West Bengal;Central Government
829;U-1019;Indian Institute of Management Calcutta;West Bengal;Central Government
830;U-0572;Indian Institute of Science Education and Research Kolkata;West Bengal;Central Government
831;U-0573;Indian Institute of Technology Kharagpur;West Bengal;Central Government
832;U-0574;Indian Statistical Institute, Kolkata;West Bengal;Central Government
833;C-16428;Institute of Post Graduate Medical Education and Research;West Bengal;State Government
834;S-10917;International Management Institute, Kolkata;West Bengal;Private
835;U-0575;Jadavpur University;West Bengal;State Government
836;U-0576;Kalyani University;West Bengal;State Government
837;U-0592;Maulana Abul Kalam Azad University of Technology;West Bengal;State Government
838;C-16424;Medical College;West Bengal;State Government
839;C-19103;Midnapore College;West Bengal;Private
840;C-43354;National Institute for Mentally Handicapped;West Bengal;Central Government
841;C-16392;National Institute of Homoeopathy;West Bengal;Central Government
842;S-19746;National Institute of Pharmaceutical Education and Research Kolkata;West Bengal;Central Government
843;U-1330;National Institute of Technical Teachers Training and Research Kolkata;West Bengal;Central Government
844;U-0577;National Institute of Technology Durgapur;West Bengal;Central Government
845;U-0578;Netaji Subhash Open University;West Bengal;State Government
846;U-0579;North Bengal University, Darjeeling;West Bengal;State Government
847;U-0580;Presidency University;West Bengal;State Government
848;C-43402;Rama Krishna Mission Vivekananda Centenary College;West Bengal;Private
849;C-42814;Ramakrishna Mission Residential College;West Bengal;Private
850;C-11926;Ramakrishna Mission Vidyamandira;West Bengal;Private
851;C-39254;Saha Institute of Nuclear Physics (SINP),Kolkata;West Bengal;Central Government
852;C-11964;Scottish Church College;West Bengal;Private
853;C-11881;St. Xavier`s College;West Bengal;Private
854;U-0585;The West Bengal National University of Juridical Sciences;West Bengal;State Government
855;U-0569;University of Burdwan;West Bengal;State Government
856;U-0587;Uttar Banga Krishi Vishwavidyalaya;West Bengal;State Government
857;C-39251;Variable Energy Cyclotron Centre (VECC),Kolkata;West Bengal;Central Government
858;U-0588;Vidyasagar University;West Bengal;State Government
859;U-0589;Visva Bharati, Shantiniketan;West Bengal;Central Government
860;U-0591;West Bengal University of Animal and Fishery Sciences;West Bengal;State Government
